_ - name,label_description 1,offizielle Website,_ - meta - uuid,_ - dates - end,_ - dates - start,_ - dates - election,_ - datasets - polls - by-name,_ - datasets - polls - by-uuid,_ - datasets - deputies - by-name,_ - datasets - deputies - by-uuid,_ - datasets - candidates - by-name,_ - datasets - candidates - by-uuid,_ - datasets - committees - by-name,_ - datasets - committees - by-uuid,_ - datasets - constituencies - by-name,_ - datasets - constituencies - by-uuid
Baden-Württemberg,Landtag von Baden-Württemberg,http://www.landtag-bw.de/,269d22e0-b699-4d28-92df-438a4cbebc55,2021-03-12,2016-02-11,2016-03-13,https://www.abgeordnetenwatch.de/api/parliament/baden-w%C3%BCrttemberg/polls.json,https://www.abgeordnetenwatch.de/api/parliament/269d22e0-b699-4d28-92df-438a4cbebc55/polls.json,https://www.abgeordnetenwatch.de/api/parliament/baden-w%C3%BCrttemberg/deputies.json,https://www.abgeordnetenwatch.de/api/parliament/269d22e0-b699-4d28-92df-438a4cbebc55/deputies.json,https://www.abgeordnetenwatch.de/api/parliament/baden-w%C3%BCrttemberg/candidates.json,https://www.abgeordnetenwatch.de/api/parliament/269d22e0-b699-4d28-92df-438a4cbebc55/candidates.json,https://www.abgeordnetenwatch.de/api/parliament/baden-w%C3%BCrttemberg/committees.json,https://www.abgeordnetenwatch.de/api/parliament/269d22e0-b699-4d28-92df-438a4cbebc55/committees.json,https://www.abgeordnetenwatch.de/api/parliament/baden-w%C3%BCrttemberg/constituencies.json,https://www.abgeordnetenwatch.de/api/parliament/269d22e0-b699-4d28-92df-438a4cbebc55/constituencies.json
Baden-Württemberg 2006-2011,Landtag von Baden-Württemberg,http://www.landtag-bw.de/,a2828a3a-ab18-4fa1-8cfc-32667eec93e0,2011-03-27,2006-03-26,2006-03-26,https://www.abgeordnetenwatch.de/api/parliament/baden-w%C3%BCrttemberg%202006-2011/polls.json,https://www.abgeordnetenwatch.de/api/parliament/a2828a3a-ab18-4fa1-8cfc-32667eec93e0/polls.json,https://www.abgeordnetenwatch.de/api/parliament/baden-w%C3%BCrttemberg%202006-2011/deputies.json,https://www.abgeordnetenwatch.de/api/parliament/a2828a3a-ab18-4fa1-8cfc-32667eec93e0/deputies.json,https://www.abgeordnetenwatch.de/api/parliament/baden-w%C3%BCrttemberg%202006-2011/candidates.json,https://www.abgeordnetenwatch.de/api/parliament/a2828a3a-ab18-4fa1-8cfc-32667eec93e0/candidates.json,https://www.abgeordnetenwatch.de/api/parliament/baden-w%C3%BCrttemberg%202006-2011/committees.json,https://www.abgeordnetenwatch.de/api/parliament/a2828a3a-ab18-4fa1-8cfc-32667eec93e0/committees.json,https://www.abgeordnetenwatch.de/api/parliament/baden-w%C3%BCrttemberg%202006-2011/constituencies.json,https://www.abgeordnetenwatch.de/api/parliament/a2828a3a-ab18-4fa1-8cfc-32667eec93e0/constituencies.json
Baden-Württemberg 2011-2016,Landtag von Baden-Württemberg,http://www.landtag-bw.de/,d9f52c8e-df83-4c49-bdd8-48e6f175ca6c,2016-05-11,2011-05-11,2011-03-27,https://www.abgeordnetenwatch.de/api/parliament/baden-w%C3%BCrttemberg%202011-2016/polls.json,https://www.abgeordnetenwatch.de/api/parliament/d9f52c8e-df83-4c49-bdd8-48e6f175ca6c/polls.json,https://www.abgeordnetenwatch.de/api/parliament/baden-w%C3%BCrttemberg%202011-2016/deputies.json,https://www.abgeordnetenwatch.de/api/parliament/d9f52c8e-df83-4c49-bdd8-48e6f175ca6c/deputies.json,https://www.abgeordnetenwatch.de/api/parliament/baden-w%C3%BCrttemberg%202011-2016/candidates.json,https://www.abgeordnetenwatch.de/api/parliament/d9f52c8e-df83-4c49-bdd8-48e6f175ca6c/candidates.json,https://www.abgeordnetenwatch.de/api/parliament/baden-w%C3%BCrttemberg%202011-2016/committees.json,https://www.abgeordnetenwatch.de/api/parliament/d9f52c8e-df83-4c49-bdd8-48e6f175ca6c/committees.json,https://www.abgeordnetenwatch.de/api/parliament/baden-w%C3%BCrttemberg%202011-2016/constituencies.json,https://www.abgeordnetenwatch.de/api/parliament/d9f52c8e-df83-4c49-bdd8-48e6f175ca6c/constituencies.json
Bayern,Bayerischer Landtag,http://www.landtag-bayern.de/,ef9d2934-6831-4f48-a333-611962781c53,2023-10-30,2018-08-13,2018-10-14,https://www.abgeordnetenwatch.de/api/parliament/bayern/polls.json,https://www.abgeordnetenwatch.de/api/parliament/ef9d2934-6831-4f48-a333-611962781c53/polls.json,https://www.abgeordnetenwatch.de/api/parliament/bayern/deputies.json,https://www.abgeordnetenwatch.de/api/parliament/ef9d2934-6831-4f48-a333-611962781c53/deputies.json,https://www.abgeordnetenwatch.de/api/parliament/bayern/candidates.json,https://www.abgeordnetenwatch.de/api/parliament/ef9d2934-6831-4f48-a333-611962781c53/candidates.json,https://www.abgeordnetenwatch.de/api/parliament/bayern/committees.json,https://www.abgeordnetenwatch.de/api/parliament/ef9d2934-6831-4f48-a333-611962781c53/committees.json,https://www.abgeordnetenwatch.de/api/parliament/bayern/constituencies.json,https://www.abgeordnetenwatch.de/api/parliament/ef9d2934-6831-4f48-a333-611962781c53/constituencies.json
Bayern 2008-2013,Bayerischer Landtag,http://www.landtag-bayern.de/,cd4fea25-3cff-476f-9247-4a8018628653,2013-09-15,2008-10-20,2008-09-28,https://www.abgeordnetenwatch.de/api/parliament/bayern%202008-2013/polls.json,https://www.abgeordnetenwatch.de/api/parliament/cd4fea25-3cff-476f-9247-4a8018628653/polls.json,https://www.abgeordnetenwatch.de/api/parliament/bayern%202008-2013/deputies.json,https://www.abgeordnetenwatch.de/api/parliament/cd4fea25-3cff-476f-9247-4a8018628653/deputies.json,https://www.abgeordnetenwatch.de/api/parliament/bayern%202008-2013/candidates.json,https://www.abgeordnetenwatch.de/api/parliament/cd4fea25-3cff-476f-9247-4a8018628653/candidates.json,https://www.abgeordnetenwatch.de/api/parliament/bayern%202008-2013/committees.json,https://www.abgeordnetenwatch.de/api/parliament/cd4fea25-3cff-476f-9247-4a8018628653/committees.json,https://www.abgeordnetenwatch.de/api/parliament/bayern%202008-2013/constituencies.json,https://www.abgeordnetenwatch.de/api/parliament/cd4fea25-3cff-476f-9247-4a8018628653/constituencies.json
Bayern 2013-2018,Bayerischer Landtag,http://www.landtag-bayern.de/,4e001994-a5d3-4f8a-9a9e-8e84f9531a1e,2018-08-13,2013-09-07,2013-09-15,https://www.abgeordnetenwatch.de/api/parliament/bayern%202013-2018/polls.json,https://www.abgeordnetenwatch.de/api/parliament/4e001994-a5d3-4f8a-9a9e-8e84f9531a1e/polls.json,https://www.abgeordnetenwatch.de/api/parliament/bayern%202013-2018/deputies.json,https://www.abgeordnetenwatch.de/api/parliament/4e001994-a5d3-4f8a-9a9e-8e84f9531a1e/deputies.json,https://www.abgeordnetenwatch.de/api/parliament/bayern%202013-2018/candidates.json,https://www.abgeordnetenwatch.de/api/parliament/4e001994-a5d3-4f8a-9a9e-8e84f9531a1e/candidates.json,https://www.abgeordnetenwatch.de/api/parliament/bayern%202013-2018/committees.json,https://www.abgeordnetenwatch.de/api/parliament/4e001994-a5d3-4f8a-9a9e-8e84f9531a1e/committees.json,https://www.abgeordnetenwatch.de/api/parliament/bayern%202013-2018/constituencies.json,https://www.abgeordnetenwatch.de/api/parliament/4e001994-a5d3-4f8a-9a9e-8e84f9531a1e/constituencies.json
Berlin,Abgeordnetenhaus von Berlin,http://www.parlament-berlin.de/,48ed5f9d-884f-4f0b-91c3-714990544800,2021-09-18,2016-07-26,2016-09-18,https://www.abgeordnetenwatch.de/api/parliament/berlin/polls.json,https://www.abgeordnetenwatch.de/api/parliament/48ed5f9d-884f-4f0b-91c3-714990544800/polls.json,https://www.abgeordnetenwatch.de/api/parliament/berlin/deputies.json,https://www.abgeordnetenwatch.de/api/parliament/48ed5f9d-884f-4f0b-91c3-714990544800/deputies.json,https://www.abgeordnetenwatch.de/api/parliament/berlin/candidates.json,https://www.abgeordnetenwatch.de/api/parliament/48ed5f9d-884f-4f0b-91c3-714990544800/candidates.json,https://www.abgeordnetenwatch.de/api/parliament/berlin/committees.json,https://www.abgeordnetenwatch.de/api/parliament/48ed5f9d-884f-4f0b-91c3-714990544800/committees.json,https://www.abgeordnetenwatch.de/api/parliament/berlin/constituencies.json,https://www.abgeordnetenwatch.de/api/parliament/48ed5f9d-884f-4f0b-91c3-714990544800/constituencies.json
Berlin 2006-2011,Abgeordnetenhaus von Berlin,http://www.parlament-berlin.de/,0c1dd0d6-47e4-4619-bfd0-3cf87a5b1758,2006-09-17,2006-09-17,2006-09-17,https://www.abgeordnetenwatch.de/api/parliament/berlin%202006-2011/polls.json,https://www.abgeordnetenwatch.de/api/parliament/0c1dd0d6-47e4-4619-bfd0-3cf87a5b1758/polls.json,https://www.abgeordnetenwatch.de/api/parliament/berlin%202006-2011/deputies.json,https://www.abgeordnetenwatch.de/api/parliament/0c1dd0d6-47e4-4619-bfd0-3cf87a5b1758/deputies.json,https://www.abgeordnetenwatch.de/api/parliament/berlin%202006-2011/candidates.json,https://www.abgeordnetenwatch.de/api/parliament/0c1dd0d6-47e4-4619-bfd0-3cf87a5b1758/candidates.json,https://www.abgeordnetenwatch.de/api/parliament/berlin%202006-2011/committees.json,https://www.abgeordnetenwatch.de/api/parliament/0c1dd0d6-47e4-4619-bfd0-3cf87a5b1758/committees.json,https://www.abgeordnetenwatch.de/api/parliament/berlin%202006-2011/constituencies.json,https://www.abgeordnetenwatch.de/api/parliament/0c1dd0d6-47e4-4619-bfd0-3cf87a5b1758/constituencies.json
Berlin 2011-2016,Abgeordnetenhaus von Berlin,http://www.parlament-berlin.de/,569b4daa-14aa-4357-9011-2e77702b31df,2016-09-18,2011-09-18,2011-09-18,https://www.abgeordnetenwatch.de/api/parliament/berlin%202011-2016/polls.json,https://www.abgeordnetenwatch.de/api/parliament/569b4daa-14aa-4357-9011-2e77702b31df/polls.json,https://www.abgeordnetenwatch.de/api/parliament/berlin%202011-2016/deputies.json,https://www.abgeordnetenwatch.de/api/parliament/569b4daa-14aa-4357-9011-2e77702b31df/deputies.json,https://www.abgeordnetenwatch.de/api/parliament/berlin%202011-2016/candidates.json,https://www.abgeordnetenwatch.de/api/parliament/569b4daa-14aa-4357-9011-2e77702b31df/candidates.json,https://www.abgeordnetenwatch.de/api/parliament/berlin%202011-2016/committees.json,https://www.abgeordnetenwatch.de/api/parliament/569b4daa-14aa-4357-9011-2e77702b31df/committees.json,https://www.abgeordnetenwatch.de/api/parliament/berlin%202011-2016/constituencies.json,https://www.abgeordnetenwatch.de/api/parliament/569b4daa-14aa-4357-9011-2e77702b31df/constituencies.json
Brandenburg,Landtag Brandenburg,http://www.landtag.brandenburg.de/,0c5af86d-f72f-41a2-9a73-139ccfa4270f,2019-09-13,2014-08-06,2014-09-14,https://www.abgeordnetenwatch.de/api/parliament/brandenburg/polls.json,https://www.abgeordnetenwatch.de/api/parliament/0c5af86d-f72f-41a2-9a73-139ccfa4270f/polls.json,https://www.abgeordnetenwatch.de/api/parliament/brandenburg/deputies.json,https://www.abgeordnetenwatch.de/api/parliament/0c5af86d-f72f-41a2-9a73-139ccfa4270f/deputies.json,https://www.abgeordnetenwatch.de/api/parliament/brandenburg/candidates.json,https://www.abgeordnetenwatch.de/api/parliament/0c5af86d-f72f-41a2-9a73-139ccfa4270f/candidates.json,https://www.abgeordnetenwatch.de/api/parliament/brandenburg/committees.json,https://www.abgeordnetenwatch.de/api/parliament/0c5af86d-f72f-41a2-9a73-139ccfa4270f/committees.json,https://www.abgeordnetenwatch.de/api/parliament/brandenburg/constituencies.json,https://www.abgeordnetenwatch.de/api/parliament/0c5af86d-f72f-41a2-9a73-139ccfa4270f/constituencies.json
Brandenburg 2009-2014,Landtag Brandenburg,http://www.landtag.brandenburg.de/,2b33f364-691f-4bdf-a6a0-59b0379aada0,2014-10-21,2009-10-21,2009-09-27,https://www.abgeordnetenwatch.de/api/parliament/brandenburg%202009-2014/polls.json,https://www.abgeordnetenwatch.de/api/parliament/2b33f364-691f-4bdf-a6a0-59b0379aada0/polls.json,https://www.abgeordnetenwatch.de/api/parliament/brandenburg%202009-2014/deputies.json,https://www.abgeordnetenwatch.de/api/parliament/2b33f364-691f-4bdf-a6a0-59b0379aada0/deputies.json,https://www.abgeordnetenwatch.de/api/parliament/brandenburg%202009-2014/candidates.json,https://www.abgeordnetenwatch.de/api/parliament/2b33f364-691f-4bdf-a6a0-59b0379aada0/candidates.json,https://www.abgeordnetenwatch.de/api/parliament/brandenburg%202009-2014/committees.json,https://www.abgeordnetenwatch.de/api/parliament/2b33f364-691f-4bdf-a6a0-59b0379aada0/committees.json,https://www.abgeordnetenwatch.de/api/parliament/brandenburg%202009-2014/constituencies.json,https://www.abgeordnetenwatch.de/api/parliament/2b33f364-691f-4bdf-a6a0-59b0379aada0/constituencies.json
Bremen,Bremische Bürgerschaft,http://www.bremische-buergerschaft.de/,1764827c-4a36-40f5-a6f0-5c368a40f217,2019-05-09,2015-03-31,2015-05-10,https://www.abgeordnetenwatch.de/api/parliament/bremen/polls.json,https://www.abgeordnetenwatch.de/api/parliament/1764827c-4a36-40f5-a6f0-5c368a40f217/polls.json,https://www.abgeordnetenwatch.de/api/parliament/bremen/deputies.json,https://www.abgeordnetenwatch.de/api/parliament/1764827c-4a36-40f5-a6f0-5c368a40f217/deputies.json,https://www.abgeordnetenwatch.de/api/parliament/bremen/candidates.json,https://www.abgeordnetenwatch.de/api/parliament/1764827c-4a36-40f5-a6f0-5c368a40f217/candidates.json,https://www.abgeordnetenwatch.de/api/parliament/bremen/committees.json,https://www.abgeordnetenwatch.de/api/parliament/1764827c-4a36-40f5-a6f0-5c368a40f217/committees.json,https://www.abgeordnetenwatch.de/api/parliament/bremen/constituencies.json,https://www.abgeordnetenwatch.de/api/parliament/1764827c-4a36-40f5-a6f0-5c368a40f217/constituencies.json
Bremen 2007-2011,Bremische Bürgerschaft,http://www.bremische-buergerschaft.de/,776a0ba8-95ac-457f-8d18-d7abd3023d57,2011-05-13,2007-05-30,2007-05-30,https://www.abgeordnetenwatch.de/api/parliament/bremen%202007-2011/polls.json,https://www.abgeordnetenwatch.de/api/parliament/776a0ba8-95ac-457f-8d18-d7abd3023d57/polls.json,https://www.abgeordnetenwatch.de/api/parliament/bremen%202007-2011/deputies.json,https://www.abgeordnetenwatch.de/api/parliament/776a0ba8-95ac-457f-8d18-d7abd3023d57/deputies.json,https://www.abgeordnetenwatch.de/api/parliament/bremen%202007-2011/candidates.json,https://www.abgeordnetenwatch.de/api/parliament/776a0ba8-95ac-457f-8d18-d7abd3023d57/candidates.json,https://www.abgeordnetenwatch.de/api/parliament/bremen%202007-2011/committees.json,https://www.abgeordnetenwatch.de/api/parliament/776a0ba8-95ac-457f-8d18-d7abd3023d57/committees.json,https://www.abgeordnetenwatch.de/api/parliament/bremen%202007-2011/constituencies.json,https://www.abgeordnetenwatch.de/api/parliament/776a0ba8-95ac-457f-8d18-d7abd3023d57/constituencies.json
Bremen 2011-2015,Bremische Bürgerschaft,http://www.bremische-buergerschaft.de/,7510f8d9-6e12-451d-9fa9-4c23fbc2d616,2011-05-22,2011-05-22,2011-05-22,https://www.abgeordnetenwatch.de/api/parliament/bremen%202011-2015/polls.json,https://www.abgeordnetenwatch.de/api/parliament/7510f8d9-6e12-451d-9fa9-4c23fbc2d616/polls.json,https://www.abgeordnetenwatch.de/api/parliament/bremen%202011-2015/deputies.json,https://www.abgeordnetenwatch.de/api/parliament/7510f8d9-6e12-451d-9fa9-4c23fbc2d616/deputies.json,https://www.abgeordnetenwatch.de/api/parliament/bremen%202011-2015/candidates.json,https://www.abgeordnetenwatch.de/api/parliament/7510f8d9-6e12-451d-9fa9-4c23fbc2d616/candidates.json,https://www.abgeordnetenwatch.de/api/parliament/bremen%202011-2015/committees.json,https://www.abgeordnetenwatch.de/api/parliament/7510f8d9-6e12-451d-9fa9-4c23fbc2d616/committees.json,https://www.abgeordnetenwatch.de/api/parliament/bremen%202011-2015/constituencies.json,https://www.abgeordnetenwatch.de/api/parliament/7510f8d9-6e12-451d-9fa9-4c23fbc2d616/constituencies.json
Bundestag,Deutscher Bundestag,https://www.bundestag.de/,60d0787f-e311-4283-a7fd-85b9f62a9b33,2021-10-23,2017-07-20,2017-09-24,https://www.abgeordnetenwatch.de/api/parliament/bundestag/polls.json,https://www.abgeordnetenwatch.de/api/parliament/60d0787f-e311-4283-a7fd-85b9f62a9b33/polls.json,https://www.abgeordnetenwatch.de/api/parliament/bundestag/deputies.json,https://www.abgeordnetenwatch.de/api/parliament/60d0787f-e311-4283-a7fd-85b9f62a9b33/deputies.json,https://www.abgeordnetenwatch.de/api/parliament/bundestag/candidates.json,https://www.abgeordnetenwatch.de/api/parliament/60d0787f-e311-4283-a7fd-85b9f62a9b33/candidates.json,https://www.abgeordnetenwatch.de/api/parliament/bundestag/committees.json,https://www.abgeordnetenwatch.de/api/parliament/60d0787f-e311-4283-a7fd-85b9f62a9b33/committees.json,https://www.abgeordnetenwatch.de/api/parliament/bundestag/constituencies.json,https://www.abgeordnetenwatch.de/api/parliament/60d0787f-e311-4283-a7fd-85b9f62a9b33/constituencies.json
Bundestag 2005-2009,Deutscher Bundestag,https://www.bundestag.de/,5b2ebb7e-df54-4908-8855-37575a5d6fb1,2009-10-26,2005-09-18,2005-09-18,https://www.abgeordnetenwatch.de/api/parliament/bundestag%202005-2009/polls.json,https://www.abgeordnetenwatch.de/api/parliament/5b2ebb7e-df54-4908-8855-37575a5d6fb1/polls.json,https://www.abgeordnetenwatch.de/api/parliament/bundestag%202005-2009/deputies.json,https://www.abgeordnetenwatch.de/api/parliament/5b2ebb7e-df54-4908-8855-37575a5d6fb1/deputies.json,https://www.abgeordnetenwatch.de/api/parliament/bundestag%202005-2009/candidates.json,https://www.abgeordnetenwatch.de/api/parliament/5b2ebb7e-df54-4908-8855-37575a5d6fb1/candidates.json,https://www.abgeordnetenwatch.de/api/parliament/bundestag%202005-2009/committees.json,https://www.abgeordnetenwatch.de/api/parliament/5b2ebb7e-df54-4908-8855-37575a5d6fb1/committees.json,https://www.abgeordnetenwatch.de/api/parliament/bundestag%202005-2009/constituencies.json,https://www.abgeordnetenwatch.de/api/parliament/5b2ebb7e-df54-4908-8855-37575a5d6fb1/constituencies.json
Bundestag 2009-2013,Deutscher Bundestag,https://www.bundestag.de/,6aaf1687-ea28-4eca-be5d-946a849ba35f,2013-09-22,2009-10-27,2009-09-27,https://www.abgeordnetenwatch.de/api/parliament/bundestag%202009-2013/polls.json,https://www.abgeordnetenwatch.de/api/parliament/6aaf1687-ea28-4eca-be5d-946a849ba35f/polls.json,https://www.abgeordnetenwatch.de/api/parliament/bundestag%202009-2013/deputies.json,https://www.abgeordnetenwatch.de/api/parliament/6aaf1687-ea28-4eca-be5d-946a849ba35f/deputies.json,https://www.abgeordnetenwatch.de/api/parliament/bundestag%202009-2013/candidates.json,https://www.abgeordnetenwatch.de/api/parliament/6aaf1687-ea28-4eca-be5d-946a849ba35f/candidates.json,https://www.abgeordnetenwatch.de/api/parliament/bundestag%202009-2013/committees.json,https://www.abgeordnetenwatch.de/api/parliament/6aaf1687-ea28-4eca-be5d-946a849ba35f/committees.json,https://www.abgeordnetenwatch.de/api/parliament/bundestag%202009-2013/constituencies.json,https://www.abgeordnetenwatch.de/api/parliament/6aaf1687-ea28-4eca-be5d-946a849ba35f/constituencies.json
Bundestag 2013-2017,Deutscher Bundestag,https://www.bundestag.de/,42a23be2-83d8-4b71-a9fe-6470c4bf2531,2017-10-24,2013-10-22,2013-09-22,https://www.abgeordnetenwatch.de/api/parliament/bundestag%202013-2017/polls.json,https://www.abgeordnetenwatch.de/api/parliament/42a23be2-83d8-4b71-a9fe-6470c4bf2531/polls.json,https://www.abgeordnetenwatch.de/api/parliament/bundestag%202013-2017/deputies.json,https://www.abgeordnetenwatch.de/api/parliament/42a23be2-83d8-4b71-a9fe-6470c4bf2531/deputies.json,https://www.abgeordnetenwatch.de/api/parliament/bundestag%202013-2017/candidates.json,https://www.abgeordnetenwatch.de/api/parliament/42a23be2-83d8-4b71-a9fe-6470c4bf2531/candidates.json,https://www.abgeordnetenwatch.de/api/parliament/bundestag%202013-2017/committees.json,https://www.abgeordnetenwatch.de/api/parliament/42a23be2-83d8-4b71-a9fe-6470c4bf2531/committees.json,https://www.abgeordnetenwatch.de/api/parliament/bundestag%202013-2017/constituencies.json,https://www.abgeordnetenwatch.de/api/parliament/42a23be2-83d8-4b71-a9fe-6470c4bf2531/constituencies.json
EU,Europäisches Parlament,http://www.europarl.europa.eu/,18ea3bc2-8348-4824-8695-e0c2864fd126,2019-06-21,2014-04-25,2014-05-25,https://www.abgeordnetenwatch.de/api/parliament/eu/polls.json,https://www.abgeordnetenwatch.de/api/parliament/18ea3bc2-8348-4824-8695-e0c2864fd126/polls.json,https://www.abgeordnetenwatch.de/api/parliament/eu/deputies.json,https://www.abgeordnetenwatch.de/api/parliament/18ea3bc2-8348-4824-8695-e0c2864fd126/deputies.json,https://www.abgeordnetenwatch.de/api/parliament/eu/candidates.json,https://www.abgeordnetenwatch.de/api/parliament/18ea3bc2-8348-4824-8695-e0c2864fd126/candidates.json,https://www.abgeordnetenwatch.de/api/parliament/eu/committees.json,https://www.abgeordnetenwatch.de/api/parliament/18ea3bc2-8348-4824-8695-e0c2864fd126/committees.json,https://www.abgeordnetenwatch.de/api/parliament/eu/constituencies.json,https://www.abgeordnetenwatch.de/api/parliament/18ea3bc2-8348-4824-8695-e0c2864fd126/constituencies.json
EU-Parlament 2004-2009,Europäisches Parlament,http://www.europarl.europa.eu/,39c3f28b-93fa-49aa-94ba-6dc21db372ac,2009-06-04,2004-06-13,2004-06-12,https://www.abgeordnetenwatch.de/api/parliament/eu-parlament%202004-2009/polls.json,https://www.abgeordnetenwatch.de/api/parliament/39c3f28b-93fa-49aa-94ba-6dc21db372ac/polls.json,https://www.abgeordnetenwatch.de/api/parliament/eu-parlament%202004-2009/deputies.json,https://www.abgeordnetenwatch.de/api/parliament/39c3f28b-93fa-49aa-94ba-6dc21db372ac/deputies.json,https://www.abgeordnetenwatch.de/api/parliament/eu-parlament%202004-2009/candidates.json,https://www.abgeordnetenwatch.de/api/parliament/39c3f28b-93fa-49aa-94ba-6dc21db372ac/candidates.json,https://www.abgeordnetenwatch.de/api/parliament/eu-parlament%202004-2009/committees.json,https://www.abgeordnetenwatch.de/api/parliament/39c3f28b-93fa-49aa-94ba-6dc21db372ac/committees.json,https://www.abgeordnetenwatch.de/api/parliament/eu-parlament%202004-2009/constituencies.json,https://www.abgeordnetenwatch.de/api/parliament/39c3f28b-93fa-49aa-94ba-6dc21db372ac/constituencies.json
EU-Parlament 2009-2014,Europäisches Parlament,http://www.europarl.europa.eu/,a1a013ff-ed72-4cea-83c5-b8d70d293016,2014-07-14,2009-07-14,2009-06-07,https://www.abgeordnetenwatch.de/api/parliament/eu-parlament%202009-2014/polls.json,https://www.abgeordnetenwatch.de/api/parliament/a1a013ff-ed72-4cea-83c5-b8d70d293016/polls.json,https://www.abgeordnetenwatch.de/api/parliament/eu-parlament%202009-2014/deputies.json,https://www.abgeordnetenwatch.de/api/parliament/a1a013ff-ed72-4cea-83c5-b8d70d293016/deputies.json,https://www.abgeordnetenwatch.de/api/parliament/eu-parlament%202009-2014/candidates.json,https://www.abgeordnetenwatch.de/api/parliament/a1a013ff-ed72-4cea-83c5-b8d70d293016/candidates.json,https://www.abgeordnetenwatch.de/api/parliament/eu-parlament%202009-2014/committees.json,https://www.abgeordnetenwatch.de/api/parliament/a1a013ff-ed72-4cea-83c5-b8d70d293016/committees.json,https://www.abgeordnetenwatch.de/api/parliament/eu-parlament%202009-2014/constituencies.json,https://www.abgeordnetenwatch.de/api/parliament/a1a013ff-ed72-4cea-83c5-b8d70d293016/constituencies.json
Hamburg,Hamburgische Bürgerschaft,http://www.hamburgische-buergerschaft.de/,eacf8eca-932f-4620-9668-7386013481a0,2020-03-06,2015-01-14,2015-02-15,https://www.abgeordnetenwatch.de/api/parliament/hamburg/polls.json,https://www.abgeordnetenwatch.de/api/parliament/eacf8eca-932f-4620-9668-7386013481a0/polls.json,https://www.abgeordnetenwatch.de/api/parliament/hamburg/deputies.json,https://www.abgeordnetenwatch.de/api/parliament/eacf8eca-932f-4620-9668-7386013481a0/deputies.json,https://www.abgeordnetenwatch.de/api/parliament/hamburg/candidates.json,https://www.abgeordnetenwatch.de/api/parliament/eacf8eca-932f-4620-9668-7386013481a0/candidates.json,https://www.abgeordnetenwatch.de/api/parliament/hamburg/committees.json,https://www.abgeordnetenwatch.de/api/parliament/eacf8eca-932f-4620-9668-7386013481a0/committees.json,https://www.abgeordnetenwatch.de/api/parliament/hamburg/constituencies.json,https://www.abgeordnetenwatch.de/api/parliament/eacf8eca-932f-4620-9668-7386013481a0/constituencies.json
Hamburg 2004-2008,Hamburgische Bürgerschaft,http://www.hamburgische-buergerschaft.de/,75a94750-8745-4d6d-9dbe-0de4deaaedf2,2008-02-24,2004-03-18,2004-02-29,https://www.abgeordnetenwatch.de/api/parliament/hamburg%202004-2008/polls.json,https://www.abgeordnetenwatch.de/api/parliament/75a94750-8745-4d6d-9dbe-0de4deaaedf2/polls.json,https://www.abgeordnetenwatch.de/api/parliament/hamburg%202004-2008/deputies.json,https://www.abgeordnetenwatch.de/api/parliament/75a94750-8745-4d6d-9dbe-0de4deaaedf2/deputies.json,https://www.abgeordnetenwatch.de/api/parliament/hamburg%202004-2008/candidates.json,https://www.abgeordnetenwatch.de/api/parliament/75a94750-8745-4d6d-9dbe-0de4deaaedf2/candidates.json,https://www.abgeordnetenwatch.de/api/parliament/hamburg%202004-2008/committees.json,https://www.abgeordnetenwatch.de/api/parliament/75a94750-8745-4d6d-9dbe-0de4deaaedf2/committees.json,https://www.abgeordnetenwatch.de/api/parliament/hamburg%202004-2008/constituencies.json,https://www.abgeordnetenwatch.de/api/parliament/75a94750-8745-4d6d-9dbe-0de4deaaedf2/constituencies.json
Hamburg 2008-2011,Hamburgische Bürgerschaft,http://www.hamburgische-buergerschaft.de/,c42312b0-dc4e-470e-ac4a-a6c00400c29e,2011-02-20,2008-03-12,2008-02-24,https://www.abgeordnetenwatch.de/api/parliament/hamburg%202008-2011/polls.json,https://www.abgeordnetenwatch.de/api/parliament/c42312b0-dc4e-470e-ac4a-a6c00400c29e/polls.json,https://www.abgeordnetenwatch.de/api/parliament/hamburg%202008-2011/deputies.json,https://www.abgeordnetenwatch.de/api/parliament/c42312b0-dc4e-470e-ac4a-a6c00400c29e/deputies.json,https://www.abgeordnetenwatch.de/api/parliament/hamburg%202008-2011/candidates.json,https://www.abgeordnetenwatch.de/api/parliament/c42312b0-dc4e-470e-ac4a-a6c00400c29e/candidates.json,https://www.abgeordnetenwatch.de/api/parliament/hamburg%202008-2011/committees.json,https://www.abgeordnetenwatch.de/api/parliament/c42312b0-dc4e-470e-ac4a-a6c00400c29e/committees.json,https://www.abgeordnetenwatch.de/api/parliament/hamburg%202008-2011/constituencies.json,https://www.abgeordnetenwatch.de/api/parliament/c42312b0-dc4e-470e-ac4a-a6c00400c29e/constituencies.json
Hamburg 2011-2015,Hamburgische Bürgerschaft,http://www.hamburgische-buergerschaft.de/,2289566c-1835-43c7-900e-2b1e5cc4ecca,2015-03-07,2011-03-07,2011-02-20,https://www.abgeordnetenwatch.de/api/parliament/hamburg%202011-2015/polls.json,https://www.abgeordnetenwatch.de/api/parliament/2289566c-1835-43c7-900e-2b1e5cc4ecca/polls.json,https://www.abgeordnetenwatch.de/api/parliament/hamburg%202011-2015/deputies.json,https://www.abgeordnetenwatch.de/api/parliament/2289566c-1835-43c7-900e-2b1e5cc4ecca/deputies.json,https://www.abgeordnetenwatch.de/api/parliament/hamburg%202011-2015/candidates.json,https://www.abgeordnetenwatch.de/api/parliament/2289566c-1835-43c7-900e-2b1e5cc4ecca/candidates.json,https://www.abgeordnetenwatch.de/api/parliament/hamburg%202011-2015/committees.json,https://www.abgeordnetenwatch.de/api/parliament/2289566c-1835-43c7-900e-2b1e5cc4ecca/committees.json,https://www.abgeordnetenwatch.de/api/parliament/hamburg%202011-2015/constituencies.json,https://www.abgeordnetenwatch.de/api/parliament/2289566c-1835-43c7-900e-2b1e5cc4ecca/constituencies.json
Hessen,Hessischer Landtag,http://www.hessischer-landtag.de/,3abe4d17-5e81-4872-9ede-bc63488d231f,2023-10-26,2018-08-27,2018-10-28,https://www.abgeordnetenwatch.de/api/parliament/hessen/polls.json,https://www.abgeordnetenwatch.de/api/parliament/3abe4d17-5e81-4872-9ede-bc63488d231f/polls.json,https://www.abgeordnetenwatch.de/api/parliament/hessen/deputies.json,https://www.abgeordnetenwatch.de/api/parliament/3abe4d17-5e81-4872-9ede-bc63488d231f/deputies.json,https://www.abgeordnetenwatch.de/api/parliament/hessen/candidates.json,https://www.abgeordnetenwatch.de/api/parliament/3abe4d17-5e81-4872-9ede-bc63488d231f/candidates.json,https://www.abgeordnetenwatch.de/api/parliament/hessen/committees.json,https://www.abgeordnetenwatch.de/api/parliament/3abe4d17-5e81-4872-9ede-bc63488d231f/committees.json,https://www.abgeordnetenwatch.de/api/parliament/hessen/constituencies.json,https://www.abgeordnetenwatch.de/api/parliament/3abe4d17-5e81-4872-9ede-bc63488d231f/constituencies.json
Hessen 2008-2009,Hessischer Landtag,http://www.hessischer-landtag.de/,7671a1b1-26bc-4ac0-a6af-3ed269faaa1c,2008-01-27,2008-01-27,2008-01-27,https://www.abgeordnetenwatch.de/api/parliament/hessen%202008-2009/polls.json,https://www.abgeordnetenwatch.de/api/parliament/7671a1b1-26bc-4ac0-a6af-3ed269faaa1c/polls.json,https://www.abgeordnetenwatch.de/api/parliament/hessen%202008-2009/deputies.json,https://www.abgeordnetenwatch.de/api/parliament/7671a1b1-26bc-4ac0-a6af-3ed269faaa1c/deputies.json,https://www.abgeordnetenwatch.de/api/parliament/hessen%202008-2009/candidates.json,https://www.abgeordnetenwatch.de/api/parliament/7671a1b1-26bc-4ac0-a6af-3ed269faaa1c/candidates.json,https://www.abgeordnetenwatch.de/api/parliament/hessen%202008-2009/committees.json,https://www.abgeordnetenwatch.de/api/parliament/7671a1b1-26bc-4ac0-a6af-3ed269faaa1c/committees.json,https://www.abgeordnetenwatch.de/api/parliament/hessen%202008-2009/constituencies.json,https://www.abgeordnetenwatch.de/api/parliament/7671a1b1-26bc-4ac0-a6af-3ed269faaa1c/constituencies.json
Hessen 2009-2013,Hessischer Landtag,http://www.hessischer-landtag.de/,55147eb7-746b-4ebd-9279-ac6d7da99b6b,2014-01-16,2009-02-05,2009-01-28,https://www.abgeordnetenwatch.de/api/parliament/hessen%202009-2013/polls.json,https://www.abgeordnetenwatch.de/api/parliament/55147eb7-746b-4ebd-9279-ac6d7da99b6b/polls.json,https://www.abgeordnetenwatch.de/api/parliament/hessen%202009-2013/deputies.json,https://www.abgeordnetenwatch.de/api/parliament/55147eb7-746b-4ebd-9279-ac6d7da99b6b/deputies.json,https://www.abgeordnetenwatch.de/api/parliament/hessen%202009-2013/candidates.json,https://www.abgeordnetenwatch.de/api/parliament/55147eb7-746b-4ebd-9279-ac6d7da99b6b/candidates.json,https://www.abgeordnetenwatch.de/api/parliament/hessen%202009-2013/committees.json,https://www.abgeordnetenwatch.de/api/parliament/55147eb7-746b-4ebd-9279-ac6d7da99b6b/committees.json,https://www.abgeordnetenwatch.de/api/parliament/hessen%202009-2013/constituencies.json,https://www.abgeordnetenwatch.de/api/parliament/55147eb7-746b-4ebd-9279-ac6d7da99b6b/constituencies.json
Hessen 2013-2018,Hessischer Landtag,http://www.hessischer-landtag.de/,cb090bc1-3d5e-4443-a378-ce115095c7d8,2018-08-22,2013-01-18,2013-09-22,https://www.abgeordnetenwatch.de/api/parliament/hessen%202013-2018/polls.json,https://www.abgeordnetenwatch.de/api/parliament/cb090bc1-3d5e-4443-a378-ce115095c7d8/polls.json,https://www.abgeordnetenwatch.de/api/parliament/hessen%202013-2018/deputies.json,https://www.abgeordnetenwatch.de/api/parliament/cb090bc1-3d5e-4443-a378-ce115095c7d8/deputies.json,https://www.abgeordnetenwatch.de/api/parliament/hessen%202013-2018/candidates.json,https://www.abgeordnetenwatch.de/api/parliament/cb090bc1-3d5e-4443-a378-ce115095c7d8/candidates.json,https://www.abgeordnetenwatch.de/api/parliament/hessen%202013-2018/committees.json,https://www.abgeordnetenwatch.de/api/parliament/cb090bc1-3d5e-4443-a378-ce115095c7d8/committees.json,https://www.abgeordnetenwatch.de/api/parliament/hessen%202013-2018/constituencies.json,https://www.abgeordnetenwatch.de/api/parliament/cb090bc1-3d5e-4443-a378-ce115095c7d8/constituencies.json
Mecklenburg-Vorpommern,Landtag Mecklenburg-Vorpommern,http://www.landtag-mv.de/,26b35744-43d0-4cb8-b780-0e6f2010c183,2021-11-06,2016-08-15,2016-09-04,https://www.abgeordnetenwatch.de/api/parliament/mecklenburg-vorpommern/polls.json,https://www.abgeordnetenwatch.de/api/parliament/26b35744-43d0-4cb8-b780-0e6f2010c183/polls.json,https://www.abgeordnetenwatch.de/api/parliament/mecklenburg-vorpommern/deputies.json,https://www.abgeordnetenwatch.de/api/parliament/26b35744-43d0-4cb8-b780-0e6f2010c183/deputies.json,https://www.abgeordnetenwatch.de/api/parliament/mecklenburg-vorpommern/candidates.json,https://www.abgeordnetenwatch.de/api/parliament/26b35744-43d0-4cb8-b780-0e6f2010c183/candidates.json,https://www.abgeordnetenwatch.de/api/parliament/mecklenburg-vorpommern/committees.json,https://www.abgeordnetenwatch.de/api/parliament/26b35744-43d0-4cb8-b780-0e6f2010c183/committees.json,https://www.abgeordnetenwatch.de/api/parliament/mecklenburg-vorpommern/constituencies.json,https://www.abgeordnetenwatch.de/api/parliament/26b35744-43d0-4cb8-b780-0e6f2010c183/constituencies.json
Mecklenburg-Vorpommern 2006-2011,Landtag Mecklenburg-Vorpommern,http://www.landtag-mv.de/,fefdaf93-ecb9-4d65-bfd9-85f83e7eeb52,2006-09-17,2006-09-17,2006-09-17,https://www.abgeordnetenwatch.de/api/parliament/mecklenburg-vorpommern%202006-2011/polls.json,https://www.abgeordnetenwatch.de/api/parliament/fefdaf93-ecb9-4d65-bfd9-85f83e7eeb52/polls.json,https://www.abgeordnetenwatch.de/api/parliament/mecklenburg-vorpommern%202006-2011/deputies.json,https://www.abgeordnetenwatch.de/api/parliament/fefdaf93-ecb9-4d65-bfd9-85f83e7eeb52/deputies.json,https://www.abgeordnetenwatch.de/api/parliament/mecklenburg-vorpommern%202006-2011/candidates.json,https://www.abgeordnetenwatch.de/api/parliament/fefdaf93-ecb9-4d65-bfd9-85f83e7eeb52/candidates.json,https://www.abgeordnetenwatch.de/api/parliament/mecklenburg-vorpommern%202006-2011/committees.json,https://www.abgeordnetenwatch.de/api/parliament/fefdaf93-ecb9-4d65-bfd9-85f83e7eeb52/committees.json,https://www.abgeordnetenwatch.de/api/parliament/mecklenburg-vorpommern%202006-2011/constituencies.json,https://www.abgeordnetenwatch.de/api/parliament/fefdaf93-ecb9-4d65-bfd9-85f83e7eeb52/constituencies.json
Mecklenburg-Vorpommern 2011-2016,Landtag Mecklenburg-Vorpommern,http://www.landtag-mv.de/,52e556b8-0c00-42b9-b26d-f364a3a14c0f,2011-09-03,2011-07-04,2011-09-04,https://www.abgeordnetenwatch.de/api/parliament/mecklenburg-vorpommern%202011-2016/polls.json,https://www.abgeordnetenwatch.de/api/parliament/52e556b8-0c00-42b9-b26d-f364a3a14c0f/polls.json,https://www.abgeordnetenwatch.de/api/parliament/mecklenburg-vorpommern%202011-2016/deputies.json,https://www.abgeordnetenwatch.de/api/parliament/52e556b8-0c00-42b9-b26d-f364a3a14c0f/deputies.json,https://www.abgeordnetenwatch.de/api/parliament/mecklenburg-vorpommern%202011-2016/candidates.json,https://www.abgeordnetenwatch.de/api/parliament/52e556b8-0c00-42b9-b26d-f364a3a14c0f/candidates.json,https://www.abgeordnetenwatch.de/api/parliament/mecklenburg-vorpommern%202011-2016/committees.json,https://www.abgeordnetenwatch.de/api/parliament/52e556b8-0c00-42b9-b26d-f364a3a14c0f/committees.json,https://www.abgeordnetenwatch.de/api/parliament/mecklenburg-vorpommern%202011-2016/constituencies.json,https://www.abgeordnetenwatch.de/api/parliament/52e556b8-0c00-42b9-b26d-f364a3a14c0f/constituencies.json
Niedersachsen,Niedersächsischer Landtag,http://www.landtag-niedersachsen.de/,a86ee406-4461-421a-abc2-65975dd1b2cc,2022-10-14,2017-09-14,2017-10-15,https://www.abgeordnetenwatch.de/api/parliament/niedersachsen/polls.json,https://www.abgeordnetenwatch.de/api/parliament/a86ee406-4461-421a-abc2-65975dd1b2cc/polls.json,https://www.abgeordnetenwatch.de/api/parliament/niedersachsen/deputies.json,https://www.abgeordnetenwatch.de/api/parliament/a86ee406-4461-421a-abc2-65975dd1b2cc/deputies.json,https://www.abgeordnetenwatch.de/api/parliament/niedersachsen/candidates.json,https://www.abgeordnetenwatch.de/api/parliament/a86ee406-4461-421a-abc2-65975dd1b2cc/candidates.json,https://www.abgeordnetenwatch.de/api/parliament/niedersachsen/committees.json,https://www.abgeordnetenwatch.de/api/parliament/a86ee406-4461-421a-abc2-65975dd1b2cc/committees.json,https://www.abgeordnetenwatch.de/api/parliament/niedersachsen/constituencies.json,https://www.abgeordnetenwatch.de/api/parliament/a86ee406-4461-421a-abc2-65975dd1b2cc/constituencies.json
Niedersachsen 2008-2013,Niedersächsischer Landtag,http://www.landtag-niedersachsen.de/,d979729f-9356-44b2-8660-a6a4e958cc7d,2013-01-20,2008-02-26,2008-01-27,https://www.abgeordnetenwatch.de/api/parliament/niedersachsen%202008-2013/polls.json,https://www.abgeordnetenwatch.de/api/parliament/d979729f-9356-44b2-8660-a6a4e958cc7d/polls.json,https://www.abgeordnetenwatch.de/api/parliament/niedersachsen%202008-2013/deputies.json,https://www.abgeordnetenwatch.de/api/parliament/d979729f-9356-44b2-8660-a6a4e958cc7d/deputies.json,https://www.abgeordnetenwatch.de/api/parliament/niedersachsen%202008-2013/candidates.json,https://www.abgeordnetenwatch.de/api/parliament/d979729f-9356-44b2-8660-a6a4e958cc7d/candidates.json,https://www.abgeordnetenwatch.de/api/parliament/niedersachsen%202008-2013/committees.json,https://www.abgeordnetenwatch.de/api/parliament/d979729f-9356-44b2-8660-a6a4e958cc7d/committees.json,https://www.abgeordnetenwatch.de/api/parliament/niedersachsen%202008-2013/constituencies.json,https://www.abgeordnetenwatch.de/api/parliament/d979729f-9356-44b2-8660-a6a4e958cc7d/constituencies.json
Niedersachsen 2013-2017,Niedersächsischer Landtag,http://www.landtag-niedersachsen.de/,4b6ad69c-7c84-477c-a750-e91d016c2541,2017-09-11,2013-01-19,2013-01-20,https://www.abgeordnetenwatch.de/api/parliament/niedersachsen%202013-2017/polls.json,https://www.abgeordnetenwatch.de/api/parliament/4b6ad69c-7c84-477c-a750-e91d016c2541/polls.json,https://www.abgeordnetenwatch.de/api/parliament/niedersachsen%202013-2017/deputies.json,https://www.abgeordnetenwatch.de/api/parliament/4b6ad69c-7c84-477c-a750-e91d016c2541/deputies.json,https://www.abgeordnetenwatch.de/api/parliament/niedersachsen%202013-2017/candidates.json,https://www.abgeordnetenwatch.de/api/parliament/4b6ad69c-7c84-477c-a750-e91d016c2541/candidates.json,https://www.abgeordnetenwatch.de/api/parliament/niedersachsen%202013-2017/committees.json,https://www.abgeordnetenwatch.de/api/parliament/4b6ad69c-7c84-477c-a750-e91d016c2541/committees.json,https://www.abgeordnetenwatch.de/api/parliament/niedersachsen%202013-2017/constituencies.json,https://www.abgeordnetenwatch.de/api/parliament/4b6ad69c-7c84-477c-a750-e91d016c2541/constituencies.json
Nordrhein-Westfalen,Landtag Nordrhein-Westfalen,https://www.landtag.nrw.de/,c64c6968-0294-4c25-8e18-0cd86ab1542e,2022-05-30,2017-03-27,2017-05-14,https://www.abgeordnetenwatch.de/api/parliament/nordrhein-westfalen/polls.json,https://www.abgeordnetenwatch.de/api/parliament/c64c6968-0294-4c25-8e18-0cd86ab1542e/polls.json,https://www.abgeordnetenwatch.de/api/parliament/nordrhein-westfalen/deputies.json,https://www.abgeordnetenwatch.de/api/parliament/c64c6968-0294-4c25-8e18-0cd86ab1542e/deputies.json,https://www.abgeordnetenwatch.de/api/parliament/nordrhein-westfalen/candidates.json,https://www.abgeordnetenwatch.de/api/parliament/c64c6968-0294-4c25-8e18-0cd86ab1542e/candidates.json,https://www.abgeordnetenwatch.de/api/parliament/nordrhein-westfalen/committees.json,https://www.abgeordnetenwatch.de/api/parliament/c64c6968-0294-4c25-8e18-0cd86ab1542e/committees.json,https://www.abgeordnetenwatch.de/api/parliament/nordrhein-westfalen/constituencies.json,https://www.abgeordnetenwatch.de/api/parliament/c64c6968-0294-4c25-8e18-0cd86ab1542e/constituencies.json
Nordrhein-Westfalen 2005-2010,Landtag Nordrhein-Westfalen,https://www.landtag.nrw.de/,b61d7370-098f-4e7f-ad56-c44e9fac7ff8,2010-06-10,2005-05-22,2005-05-22,https://www.abgeordnetenwatch.de/api/parliament/nordrhein-westfalen%202005-2010/polls.json,https://www.abgeordnetenwatch.de/api/parliament/b61d7370-098f-4e7f-ad56-c44e9fac7ff8/polls.json,https://www.abgeordnetenwatch.de/api/parliament/nordrhein-westfalen%202005-2010/deputies.json,https://www.abgeordnetenwatch.de/api/parliament/b61d7370-098f-4e7f-ad56-c44e9fac7ff8/deputies.json,https://www.abgeordnetenwatch.de/api/parliament/nordrhein-westfalen%202005-2010/candidates.json,https://www.abgeordnetenwatch.de/api/parliament/b61d7370-098f-4e7f-ad56-c44e9fac7ff8/candidates.json,https://www.abgeordnetenwatch.de/api/parliament/nordrhein-westfalen%202005-2010/committees.json,https://www.abgeordnetenwatch.de/api/parliament/b61d7370-098f-4e7f-ad56-c44e9fac7ff8/committees.json,https://www.abgeordnetenwatch.de/api/parliament/nordrhein-westfalen%202005-2010/constituencies.json,https://www.abgeordnetenwatch.de/api/parliament/b61d7370-098f-4e7f-ad56-c44e9fac7ff8/constituencies.json
Nordrhein-Westfalen 2010-2012,Landtag Nordrhein-Westfalen,https://www.landtag.nrw.de/,7d1b8c47-a1d5-4092-9f13-096fd6adf3c1,2012-05-13,2010-06-09,2010-05-09,https://www.abgeordnetenwatch.de/api/parliament/nordrhein-westfalen%202010-2012/polls.json,https://www.abgeordnetenwatch.de/api/parliament/7d1b8c47-a1d5-4092-9f13-096fd6adf3c1/polls.json,https://www.abgeordnetenwatch.de/api/parliament/nordrhein-westfalen%202010-2012/deputies.json,https://www.abgeordnetenwatch.de/api/parliament/7d1b8c47-a1d5-4092-9f13-096fd6adf3c1/deputies.json,https://www.abgeordnetenwatch.de/api/parliament/nordrhein-westfalen%202010-2012/candidates.json,https://www.abgeordnetenwatch.de/api/parliament/7d1b8c47-a1d5-4092-9f13-096fd6adf3c1/candidates.json,https://www.abgeordnetenwatch.de/api/parliament/nordrhein-westfalen%202010-2012/committees.json,https://www.abgeordnetenwatch.de/api/parliament/7d1b8c47-a1d5-4092-9f13-096fd6adf3c1/committees.json,https://www.abgeordnetenwatch.de/api/parliament/nordrhein-westfalen%202010-2012/constituencies.json,https://www.abgeordnetenwatch.de/api/parliament/7d1b8c47-a1d5-4092-9f13-096fd6adf3c1/constituencies.json
Nordrhein-Westfalen 2012-2017,Landtag Nordrhein-Westfalen,https://www.landtag.nrw.de/,9d92f9f0-2fc1-4279-8da0-60cc7939bca3,2017-05-13,2012-05-13,2012-05-13,https://www.abgeordnetenwatch.de/api/parliament/nordrhein-westfalen%202012-2017/polls.json,https://www.abgeordnetenwatch.de/api/parliament/9d92f9f0-2fc1-4279-8da0-60cc7939bca3/polls.json,https://www.abgeordnetenwatch.de/api/parliament/nordrhein-westfalen%202012-2017/deputies.json,https://www.abgeordnetenwatch.de/api/parliament/9d92f9f0-2fc1-4279-8da0-60cc7939bca3/deputies.json,https://www.abgeordnetenwatch.de/api/parliament/nordrhein-westfalen%202012-2017/candidates.json,https://www.abgeordnetenwatch.de/api/parliament/9d92f9f0-2fc1-4279-8da0-60cc7939bca3/candidates.json,https://www.abgeordnetenwatch.de/api/parliament/nordrhein-westfalen%202012-2017/committees.json,https://www.abgeordnetenwatch.de/api/parliament/9d92f9f0-2fc1-4279-8da0-60cc7939bca3/committees.json,https://www.abgeordnetenwatch.de/api/parliament/nordrhein-westfalen%202012-2017/constituencies.json,https://www.abgeordnetenwatch.de/api/parliament/9d92f9f0-2fc1-4279-8da0-60cc7939bca3/constituencies.json
Rheinland-Pfalz,Landtag Rheinland-Pfalz,http://www.landtag.rlp.de/,313c1783-2caf-4c7c-bcef-d12ae1bfb4ee,2021-03-12,2016-02-18,2016-03-13,https://www.abgeordnetenwatch.de/api/parliament/rheinland-pfalz/polls.json,https://www.abgeordnetenwatch.de/api/parliament/313c1783-2caf-4c7c-bcef-d12ae1bfb4ee/polls.json,https://www.abgeordnetenwatch.de/api/parliament/rheinland-pfalz/deputies.json,https://www.abgeordnetenwatch.de/api/parliament/313c1783-2caf-4c7c-bcef-d12ae1bfb4ee/deputies.json,https://www.abgeordnetenwatch.de/api/parliament/rheinland-pfalz/candidates.json,https://www.abgeordnetenwatch.de/api/parliament/313c1783-2caf-4c7c-bcef-d12ae1bfb4ee/candidates.json,https://www.abgeordnetenwatch.de/api/parliament/rheinland-pfalz/committees.json,https://www.abgeordnetenwatch.de/api/parliament/313c1783-2caf-4c7c-bcef-d12ae1bfb4ee/committees.json,https://www.abgeordnetenwatch.de/api/parliament/rheinland-pfalz/constituencies.json,https://www.abgeordnetenwatch.de/api/parliament/313c1783-2caf-4c7c-bcef-d12ae1bfb4ee/constituencies.json
Rheinland-Pfalz 2006-2011,Landtag Rheinland-Pfalz,http://www.landtag.rlp.de/,8d2c6213-3789-4785-b39c-74443aa87a07,2006-03-26,2006-03-26,2006-03-26,https://www.abgeordnetenwatch.de/api/parliament/rheinland-pfalz%202006-2011/polls.json,https://www.abgeordnetenwatch.de/api/parliament/8d2c6213-3789-4785-b39c-74443aa87a07/polls.json,https://www.abgeordnetenwatch.de/api/parliament/rheinland-pfalz%202006-2011/deputies.json,https://www.abgeordnetenwatch.de/api/parliament/8d2c6213-3789-4785-b39c-74443aa87a07/deputies.json,https://www.abgeordnetenwatch.de/api/parliament/rheinland-pfalz%202006-2011/candidates.json,https://www.abgeordnetenwatch.de/api/parliament/8d2c6213-3789-4785-b39c-74443aa87a07/candidates.json,https://www.abgeordnetenwatch.de/api/parliament/rheinland-pfalz%202006-2011/committees.json,https://www.abgeordnetenwatch.de/api/parliament/8d2c6213-3789-4785-b39c-74443aa87a07/committees.json,https://www.abgeordnetenwatch.de/api/parliament/rheinland-pfalz%202006-2011/constituencies.json,https://www.abgeordnetenwatch.de/api/parliament/8d2c6213-3789-4785-b39c-74443aa87a07/constituencies.json
Rheinland-Pfalz 2011-2016,Landtag Rheinland-Pfalz,http://www.landtag.rlp.de/,131453de-729e-46c9-8244-15a43b2e76fa,2016-05-18,2011-05-18,2011-03-27,https://www.abgeordnetenwatch.de/api/parliament/rheinland-pfalz%202011-2016/polls.json,https://www.abgeordnetenwatch.de/api/parliament/131453de-729e-46c9-8244-15a43b2e76fa/polls.json,https://www.abgeordnetenwatch.de/api/parliament/rheinland-pfalz%202011-2016/deputies.json,https://www.abgeordnetenwatch.de/api/parliament/131453de-729e-46c9-8244-15a43b2e76fa/deputies.json,https://www.abgeordnetenwatch.de/api/parliament/rheinland-pfalz%202011-2016/candidates.json,https://www.abgeordnetenwatch.de/api/parliament/131453de-729e-46c9-8244-15a43b2e76fa/candidates.json,https://www.abgeordnetenwatch.de/api/parliament/rheinland-pfalz%202011-2016/committees.json,https://www.abgeordnetenwatch.de/api/parliament/131453de-729e-46c9-8244-15a43b2e76fa/committees.json,https://www.abgeordnetenwatch.de/api/parliament/rheinland-pfalz%202011-2016/constituencies.json,https://www.abgeordnetenwatch.de/api/parliament/131453de-729e-46c9-8244-15a43b2e76fa/constituencies.json
Saarland,Landtag des Saarlandes,http://www.landtag-saar.de/,ae6b100b-b0b1-42b0-bd9b-16bbf2ec8696,2022-03-25,2017-04-25,2017-03-26,https://www.abgeordnetenwatch.de/api/parliament/saarland/polls.json,https://www.abgeordnetenwatch.de/api/parliament/ae6b100b-b0b1-42b0-bd9b-16bbf2ec8696/polls.json,https://www.abgeordnetenwatch.de/api/parliament/saarland/deputies.json,https://www.abgeordnetenwatch.de/api/parliament/ae6b100b-b0b1-42b0-bd9b-16bbf2ec8696/deputies.json,https://www.abgeordnetenwatch.de/api/parliament/saarland/candidates.json,https://www.abgeordnetenwatch.de/api/parliament/ae6b100b-b0b1-42b0-bd9b-16bbf2ec8696/candidates.json,https://www.abgeordnetenwatch.de/api/parliament/saarland/committees.json,https://www.abgeordnetenwatch.de/api/parliament/ae6b100b-b0b1-42b0-bd9b-16bbf2ec8696/committees.json,https://www.abgeordnetenwatch.de/api/parliament/saarland/constituencies.json,https://www.abgeordnetenwatch.de/api/parliament/ae6b100b-b0b1-42b0-bd9b-16bbf2ec8696/constituencies.json
Saarland 2009-2012,Landtag des Saarlandes,http://www.landtag-saar.de/,06fe1e9a-a4e2-4185-8079-a2a6b23b6aa6,2009-08-30,2009-08-30,2009-08-30,https://www.abgeordnetenwatch.de/api/parliament/saarland%202009-2012/polls.json,https://www.abgeordnetenwatch.de/api/parliament/06fe1e9a-a4e2-4185-8079-a2a6b23b6aa6/polls.json,https://www.abgeordnetenwatch.de/api/parliament/saarland%202009-2012/deputies.json,https://www.abgeordnetenwatch.de/api/parliament/06fe1e9a-a4e2-4185-8079-a2a6b23b6aa6/deputies.json,https://www.abgeordnetenwatch.de/api/parliament/saarland%202009-2012/candidates.json,https://www.abgeordnetenwatch.de/api/parliament/06fe1e9a-a4e2-4185-8079-a2a6b23b6aa6/candidates.json,https://www.abgeordnetenwatch.de/api/parliament/saarland%202009-2012/committees.json,https://www.abgeordnetenwatch.de/api/parliament/06fe1e9a-a4e2-4185-8079-a2a6b23b6aa6/committees.json,https://www.abgeordnetenwatch.de/api/parliament/saarland%202009-2012/constituencies.json,https://www.abgeordnetenwatch.de/api/parliament/06fe1e9a-a4e2-4185-8079-a2a6b23b6aa6/constituencies.json
Saarland 2012-2017,Landtag des Saarlandes,http://www.landtag-saar.de/,05d2e02e-b708-4d08-9db5-664259f8a522,2012-03-25,2012-03-25,2012-03-25,https://www.abgeordnetenwatch.de/api/parliament/saarland%202012-2017/polls.json,https://www.abgeordnetenwatch.de/api/parliament/05d2e02e-b708-4d08-9db5-664259f8a522/polls.json,https://www.abgeordnetenwatch.de/api/parliament/saarland%202012-2017/deputies.json,https://www.abgeordnetenwatch.de/api/parliament/05d2e02e-b708-4d08-9db5-664259f8a522/deputies.json,https://www.abgeordnetenwatch.de/api/parliament/saarland%202012-2017/candidates.json,https://www.abgeordnetenwatch.de/api/parliament/05d2e02e-b708-4d08-9db5-664259f8a522/candidates.json,https://www.abgeordnetenwatch.de/api/parliament/saarland%202012-2017/committees.json,https://www.abgeordnetenwatch.de/api/parliament/05d2e02e-b708-4d08-9db5-664259f8a522/committees.json,https://www.abgeordnetenwatch.de/api/parliament/saarland%202012-2017/constituencies.json,https://www.abgeordnetenwatch.de/api/parliament/05d2e02e-b708-4d08-9db5-664259f8a522/constituencies.json
Sachsen,Sächsischer Landtag,http://www.landtag.sachsen.de/,e19542ed-9859-4c33-86b8-8d0fee3b6134,2019-11-11,2014-08-05,2014-08-31,https://www.abgeordnetenwatch.de/api/parliament/sachsen/polls.json,https://www.abgeordnetenwatch.de/api/parliament/e19542ed-9859-4c33-86b8-8d0fee3b6134/polls.json,https://www.abgeordnetenwatch.de/api/parliament/sachsen/deputies.json,https://www.abgeordnetenwatch.de/api/parliament/e19542ed-9859-4c33-86b8-8d0fee3b6134/deputies.json,https://www.abgeordnetenwatch.de/api/parliament/sachsen/candidates.json,https://www.abgeordnetenwatch.de/api/parliament/e19542ed-9859-4c33-86b8-8d0fee3b6134/candidates.json,https://www.abgeordnetenwatch.de/api/parliament/sachsen/committees.json,https://www.abgeordnetenwatch.de/api/parliament/e19542ed-9859-4c33-86b8-8d0fee3b6134/committees.json,https://www.abgeordnetenwatch.de/api/parliament/sachsen/constituencies.json,https://www.abgeordnetenwatch.de/api/parliament/e19542ed-9859-4c33-86b8-8d0fee3b6134/constituencies.json
Sachsen 2009-2014,Sächsischer Landtag,http://www.landtag.sachsen.de/,b00e2c08-6732-495d-b793-3bdc76d69779,2014-09-29,2009-09-29,2009-09-27,https://www.abgeordnetenwatch.de/api/parliament/sachsen%202009-2014/polls.json,https://www.abgeordnetenwatch.de/api/parliament/b00e2c08-6732-495d-b793-3bdc76d69779/polls.json,https://www.abgeordnetenwatch.de/api/parliament/sachsen%202009-2014/deputies.json,https://www.abgeordnetenwatch.de/api/parliament/b00e2c08-6732-495d-b793-3bdc76d69779/deputies.json,https://www.abgeordnetenwatch.de/api/parliament/sachsen%202009-2014/candidates.json,https://www.abgeordnetenwatch.de/api/parliament/b00e2c08-6732-495d-b793-3bdc76d69779/candidates.json,https://www.abgeordnetenwatch.de/api/parliament/sachsen%202009-2014/committees.json,https://www.abgeordnetenwatch.de/api/parliament/b00e2c08-6732-495d-b793-3bdc76d69779/committees.json,https://www.abgeordnetenwatch.de/api/parliament/sachsen%202009-2014/constituencies.json,https://www.abgeordnetenwatch.de/api/parliament/b00e2c08-6732-495d-b793-3bdc76d69779/constituencies.json
Sachsen-Anhalt,Landtag Sachsen-Anhalt,http://www.landtag.sachsen-anhalt.de/,24160e0f-b16a-4718-926b-96bb03ed9cf5,2021-03-12,2018-01-08,2016-03-13,https://www.abgeordnetenwatch.de/api/parliament/sachsen-anhalt/polls.json,https://www.abgeordnetenwatch.de/api/parliament/24160e0f-b16a-4718-926b-96bb03ed9cf5/polls.json,https://www.abgeordnetenwatch.de/api/parliament/sachsen-anhalt/deputies.json,https://www.abgeordnetenwatch.de/api/parliament/24160e0f-b16a-4718-926b-96bb03ed9cf5/deputies.json,https://www.abgeordnetenwatch.de/api/parliament/sachsen-anhalt/candidates.json,https://www.abgeordnetenwatch.de/api/parliament/24160e0f-b16a-4718-926b-96bb03ed9cf5/candidates.json,https://www.abgeordnetenwatch.de/api/parliament/sachsen-anhalt/committees.json,https://www.abgeordnetenwatch.de/api/parliament/24160e0f-b16a-4718-926b-96bb03ed9cf5/committees.json,https://www.abgeordnetenwatch.de/api/parliament/sachsen-anhalt/constituencies.json,https://www.abgeordnetenwatch.de/api/parliament/24160e0f-b16a-4718-926b-96bb03ed9cf5/constituencies.json
Sachsen-Anhalt 2006-2011,Landtag Sachsen-Anhalt,http://www.landtag.sachsen-anhalt.de/,5645b1d3-d095-44b5-8f53-52ed8fa8a2a6,2006-03-26,2006-03-26,2006-03-26,https://www.abgeordnetenwatch.de/api/parliament/sachsen-anhalt%202006-2011/polls.json,https://www.abgeordnetenwatch.de/api/parliament/5645b1d3-d095-44b5-8f53-52ed8fa8a2a6/polls.json,https://www.abgeordnetenwatch.de/api/parliament/sachsen-anhalt%202006-2011/deputies.json,https://www.abgeordnetenwatch.de/api/parliament/5645b1d3-d095-44b5-8f53-52ed8fa8a2a6/deputies.json,https://www.abgeordnetenwatch.de/api/parliament/sachsen-anhalt%202006-2011/candidates.json,https://www.abgeordnetenwatch.de/api/parliament/5645b1d3-d095-44b5-8f53-52ed8fa8a2a6/candidates.json,https://www.abgeordnetenwatch.de/api/parliament/sachsen-anhalt%202006-2011/committees.json,https://www.abgeordnetenwatch.de/api/parliament/5645b1d3-d095-44b5-8f53-52ed8fa8a2a6/committees.json,https://www.abgeordnetenwatch.de/api/parliament/sachsen-anhalt%202006-2011/constituencies.json,https://www.abgeordnetenwatch.de/api/parliament/5645b1d3-d095-44b5-8f53-52ed8fa8a2a6/constituencies.json
Sachsen-Anhalt 2011-2016,Landtag Sachsen-Anhalt,http://www.landtag.sachsen-anhalt.de/,ef6a1ba8-0275-4a8f-ba1c-6e99b15e3b5f,2011-03-20,2011-03-20,2011-03-20,https://www.abgeordnetenwatch.de/api/parliament/sachsen-anhalt%202011-2016/polls.json,https://www.abgeordnetenwatch.de/api/parliament/ef6a1ba8-0275-4a8f-ba1c-6e99b15e3b5f/polls.json,https://www.abgeordnetenwatch.de/api/parliament/sachsen-anhalt%202011-2016/deputies.json,https://www.abgeordnetenwatch.de/api/parliament/ef6a1ba8-0275-4a8f-ba1c-6e99b15e3b5f/deputies.json,https://www.abgeordnetenwatch.de/api/parliament/sachsen-anhalt%202011-2016/candidates.json,https://www.abgeordnetenwatch.de/api/parliament/ef6a1ba8-0275-4a8f-ba1c-6e99b15e3b5f/candidates.json,https://www.abgeordnetenwatch.de/api/parliament/sachsen-anhalt%202011-2016/committees.json,https://www.abgeordnetenwatch.de/api/parliament/ef6a1ba8-0275-4a8f-ba1c-6e99b15e3b5f/committees.json,https://www.abgeordnetenwatch.de/api/parliament/sachsen-anhalt%202011-2016/constituencies.json,https://www.abgeordnetenwatch.de/api/parliament/ef6a1ba8-0275-4a8f-ba1c-6e99b15e3b5f/constituencies.json
Schleswig-Holstein,Schleswig-Holsteinischer Landtag,http://www.landtag.ltsh.de/,bb646803-4cab-46f7-b1dd-19a5aa9b2adf,2022-05-30,2017-03-29,2017-05-07,https://www.abgeordnetenwatch.de/api/parliament/schleswig-holstein/polls.json,https://www.abgeordnetenwatch.de/api/parliament/bb646803-4cab-46f7-b1dd-19a5aa9b2adf/polls.json,https://www.abgeordnetenwatch.de/api/parliament/schleswig-holstein/deputies.json,https://www.abgeordnetenwatch.de/api/parliament/bb646803-4cab-46f7-b1dd-19a5aa9b2adf/deputies.json,https://www.abgeordnetenwatch.de/api/parliament/schleswig-holstein/candidates.json,https://www.abgeordnetenwatch.de/api/parliament/bb646803-4cab-46f7-b1dd-19a5aa9b2adf/candidates.json,https://www.abgeordnetenwatch.de/api/parliament/schleswig-holstein/committees.json,https://www.abgeordnetenwatch.de/api/parliament/bb646803-4cab-46f7-b1dd-19a5aa9b2adf/committees.json,https://www.abgeordnetenwatch.de/api/parliament/schleswig-holstein/constituencies.json,https://www.abgeordnetenwatch.de/api/parliament/bb646803-4cab-46f7-b1dd-19a5aa9b2adf/constituencies.json
Schleswig-Holstein 2009-2012,Schleswig-Holsteinischer Landtag,http://www.landtag.ltsh.de/,d8f76a34-3380-42a5-a90b-44d1ed427c3a,2012-05-06,2009-10-27,2009-09-27,https://www.abgeordnetenwatch.de/api/parliament/schleswig-holstein%202009-2012/polls.json,https://www.abgeordnetenwatch.de/api/parliament/d8f76a34-3380-42a5-a90b-44d1ed427c3a/polls.json,https://www.abgeordnetenwatch.de/api/parliament/schleswig-holstein%202009-2012/deputies.json,https://www.abgeordnetenwatch.de/api/parliament/d8f76a34-3380-42a5-a90b-44d1ed427c3a/deputies.json,https://www.abgeordnetenwatch.de/api/parliament/schleswig-holstein%202009-2012/candidates.json,https://www.abgeordnetenwatch.de/api/parliament/d8f76a34-3380-42a5-a90b-44d1ed427c3a/candidates.json,https://www.abgeordnetenwatch.de/api/parliament/schleswig-holstein%202009-2012/committees.json,https://www.abgeordnetenwatch.de/api/parliament/d8f76a34-3380-42a5-a90b-44d1ed427c3a/committees.json,https://www.abgeordnetenwatch.de/api/parliament/schleswig-holstein%202009-2012/constituencies.json,https://www.abgeordnetenwatch.de/api/parliament/d8f76a34-3380-42a5-a90b-44d1ed427c3a/constituencies.json
Schleswig-Holstein 2012-2017,Schleswig-Holsteinischer Landtag,http://www.landtag.ltsh.de/,1b2ae15f-7958-492f-833f-5fb919138e11,2017-05-21,2012-05-21,2012-05-06,https://www.abgeordnetenwatch.de/api/parliament/schleswig-holstein%202012-2017/polls.json,https://www.abgeordnetenwatch.de/api/parliament/1b2ae15f-7958-492f-833f-5fb919138e11/polls.json,https://www.abgeordnetenwatch.de/api/parliament/schleswig-holstein%202012-2017/deputies.json,https://www.abgeordnetenwatch.de/api/parliament/1b2ae15f-7958-492f-833f-5fb919138e11/deputies.json,https://www.abgeordnetenwatch.de/api/parliament/schleswig-holstein%202012-2017/candidates.json,https://www.abgeordnetenwatch.de/api/parliament/1b2ae15f-7958-492f-833f-5fb919138e11/candidates.json,https://www.abgeordnetenwatch.de/api/parliament/schleswig-holstein%202012-2017/committees.json,https://www.abgeordnetenwatch.de/api/parliament/1b2ae15f-7958-492f-833f-5fb919138e11/committees.json,https://www.abgeordnetenwatch.de/api/parliament/schleswig-holstein%202012-2017/constituencies.json,https://www.abgeordnetenwatch.de/api/parliament/1b2ae15f-7958-492f-833f-5fb919138e11/constituencies.json
Thüringen,Thüringer Landtag,http://www.thueringer-landtag.de/,fe9724db-f3fb-4425-b38b-589dae0a3760,2019-11-01,2014-08-05,2014-09-14,https://www.abgeordnetenwatch.de/api/parliament/th%C3%BCringen/polls.json,https://www.abgeordnetenwatch.de/api/parliament/fe9724db-f3fb-4425-b38b-589dae0a3760/polls.json,https://www.abgeordnetenwatch.de/api/parliament/th%C3%BCringen/deputies.json,https://www.abgeordnetenwatch.de/api/parliament/fe9724db-f3fb-4425-b38b-589dae0a3760/deputies.json,https://www.abgeordnetenwatch.de/api/parliament/th%C3%BCringen/candidates.json,https://www.abgeordnetenwatch.de/api/parliament/fe9724db-f3fb-4425-b38b-589dae0a3760/candidates.json,https://www.abgeordnetenwatch.de/api/parliament/th%C3%BCringen/committees.json,https://www.abgeordnetenwatch.de/api/parliament/fe9724db-f3fb-4425-b38b-589dae0a3760/committees.json,https://www.abgeordnetenwatch.de/api/parliament/th%C3%BCringen/constituencies.json,https://www.abgeordnetenwatch.de/api/parliament/fe9724db-f3fb-4425-b38b-589dae0a3760/constituencies.json
Thüringen 2009-2014,Thüringer Landtag,http://www.thueringer-landtag.de/,773c33a7-caaf-4a69-826c-96fbb9187a54,2009-08-30,2009-08-30,2009-08-30,https://www.abgeordnetenwatch.de/api/parliament/th%C3%BCringen%202009-2014/polls.json,https://www.abgeordnetenwatch.de/api/parliament/773c33a7-caaf-4a69-826c-96fbb9187a54/polls.json,https://www.abgeordnetenwatch.de/api/parliament/th%C3%BCringen%202009-2014/deputies.json,https://www.abgeordnetenwatch.de/api/parliament/773c33a7-caaf-4a69-826c-96fbb9187a54/deputies.json,https://www.abgeordnetenwatch.de/api/parliament/th%C3%BCringen%202009-2014/candidates.json,https://www.abgeordnetenwatch.de/api/parliament/773c33a7-caaf-4a69-826c-96fbb9187a54/candidates.json,https://www.abgeordnetenwatch.de/api/parliament/th%C3%BCringen%202009-2014/committees.json,https://www.abgeordnetenwatch.de/api/parliament/773c33a7-caaf-4a69-826c-96fbb9187a54/committees.json,https://www.abgeordnetenwatch.de/api/parliament/th%C3%BCringen%202009-2014/constituencies.json,https://www.abgeordnetenwatch.de/api/parliament/773c33a7-caaf-4a69-826c-96fbb9187a54/constituencies.json
